{
  "basic": {
    "clean": {
      "mean": 0.002407837049871223,
      "var": 0.0012539656871735716,
      "peak": 0.326324462890625,
      "rms": 0.03549314535839708,
      "dynamic_range_db": 230.27299263730313
    },
    "noise": {
      "mean": -1.94579947748626e-06,
      "var": 0.0001586041890906493,
      "peak": 0.033447265625,
      "rms": 0.012593815699651352,
      "dynamic_range_db": 29.914850188089204
    },
    "mix": {
      "mean": 0.002405891250393737,
      "var": 0.00141160802745727,
      "peak": 0.345062255859375,
      "rms": 0.037648324546598236,
      "dynamic_range_db": 48.00269756157878
    }
  },
  "short_time": {
    "clean_rms": {
      "mean": 0.024315975606441498,
      "std": 0.02585754171013832,
      "p10": 0.0,
      "p50": 0.015583301894366741,
      "p90": 0.06397496163845062
    },
    "noise_rms": {
      "mean": 0.012543096207082272,
      "std": 0.0003156507737003267,
      "p10": 0.01221727766096592,
      "p50": 0.012588424608111382,
      "p90": 0.012984542176127434
    },
    "mix_rms": {
      "mean": 0.029988672584295273,
      "std": 0.022722480818629265,
      "p10": 0.012377002276480198,
      "p50": 0.019850337877869606,
      "p90": 0.06551356613636017
    },
    "clean_zcr": {
      "mean": 0.19161921708185056,
      "std": 0.205994955594422,
      "p10": 0.0,
      "p50": 0.105,
      "p90": 0.5795000000000001
    },
    "noise_zcr": {
      "mean": 0.08130338078291814,
      "std": 0.011745107528153453,
      "p10": 0.0675,
      "p50": 0.0825,
      "p90": 0.0975
    },
    "mix_zcr": {
      "mean": 0.13312277580071175,
      "std": 0.09940890273962566,
      "p10": 0.06775,
      "p50": 0.0975,
      "p90": 0.2725
    },
    "separability": {
      "energy_cohen_d": 0.6438401937484741,
      "zcr_cohen_d": 0.7561213473509532,
      "flatness_cohen_d": 0.6991731707205535
    }
  },
  "autocorr": {
    "voiced": {
      "max_peak": 0.7332627634463265,
      "peak_lag": 96
    },
    "unvoiced": {
      "max_peak": 0.2028415997817305,
      "peak_lag": 36
    },
    "noise": {
      "max_peak": 0.6958236708644666,
      "peak_lag": 89
    }
  },
  "frequency": {
    "band_snr_db": {
      "low": -3.0366097653433384,
      "mid": 14.37814466863668,
      "high": 8.6877651086906
    },
    "flatness": {
      "clean": {
        "mean": 0.16223835839588244,
        "std": 0.3213863401524969,
        "p10": 0.000630371060294187,
        "p50": 0.006067138546868495,
        "p90": 0.9999999999999997
      },
      "noise": {
        "mean": 0.0033476096857818186,
        "std": 0.0008277494818134968,
        "p10": 0.0029912708290238134,
        "p50": 0.003295806961308592,
        "p90": 0.00357356351683738
      },
      "mix": {
        "mean": 0.020274707536198585,
        "std": 0.032897030398052335,
        "p10": 0.0020281836978513802,
        "p50": 0.005567592773125789,
        "p90": 0.0879282455869543
      }
    },
    "entropy": {
      "clean": {
        "mean": 0.5922255743410353,
        "std": 0.21941221550334053,
        "p10": 0.36994589846240705,
        "p50": 0.49748159511158063,
        "p90": 1.0
      },
      "noise": {
        "mean": 0.35598621878902126,
        "std": 0.00992160728539551,
        "p10": 0.34721731391072896,
        "p50": 0.35533782651397644,
        "p90": 0.3637757923473972
      },
      "mix": {
        "mean": 0.4631568004795963,
        "std": 0.09922841563806832,
        "p10": 0.35420700347872314,
        "p50": 0.4540644725967594,
        "p90": 0.5994045876056024
      }
    },
    "clean_psd_peak_freqs_hz": [
      203.125,
      375.0,
      671.875,
      890.625,
      1109.375,
      1328.125
    ]
  },
  "time_frequency": {
    "local_snr": {
      "mean": -1.077096051300331,
      "median": -0.6157280326829858,
      "p10": -40.0,
      "p90": 31.70653656820102,
      "ratio_lt0": 0.5113968633705476,
      "ratio_lt_minus5": 0.4182172603225235,
      "ratio_gt10": 0.3216485025695552
    },
    "nonstationarity_index": 0.712248001883217,
    "time_corr_decay_lag": 4,
    "freq_corr_decay_lag": 3,
    "spectral_flux": {
      "clean": {
        "mean": 3.771650205341382,
        "std": 3.6211114682559007,
        "p10": 0.0,
        "p50": 3.077653359204998,
        "p90": 9.415542421873536
      },
      "noise": {
        "mean": 0.6008574821430986,
        "std": 0.07138930038233281,
        "p10": 0.5585670688591864,
        "p50": 0.5949286691694919,
        "p90": 0.6395258790157826
      },
      "mix": {
        "mean": 4.0237317444904015,
        "std": 3.5077138438449476,
        "p10": 0.6088087873074925,
        "p50": 3.1875301619323775,
        "p90": 9.591267835509242
      }
    }
  },
  "statistics_fit": {
    "amplitude_clean": {
      "rayleigh": 0.0,
      "laplace": 0.0,
      "gaussian": 0.0
    },
    "amplitude_noise": {
      "rayleigh": 3.477259619829966e-149,
      "laplace": 0.0,
      "gaussian": 1.2329520959273656e-193
    },
    "power_clean": {
      "exponential": 0.0,
      "lognormal": 0.0
    },
    "power_noise": {
      "exponential": 0.0,
      "lognormal": 0.0
    }
  },
  "baseline_residual": {
    "rms": 0.005922664295445037,
    "kurtosis": 5.742519926179861,
    "flatness_mean": 0.01670835551210016
  },
  "noise_type": "低频噪声主导（有色噪声）"
}