{
  "basic": {
    "clean": {
      "mean": 0.002407837049871223,
      "var": 0.0012539656871735716,
      "peak": 0.326324462890625,
      "rms": 0.03549314535839708,
      "dynamic_range_db": 230.27299263730313
    },
    "noise": {
      "mean": -1.9940115741191425e-06,
      "var": 0.00012598333984478144,
      "peak": 0.052337646484375,
      "rms": 0.011224230255160644,
      "dynamic_range_db": 37.45072575501514
    },
    "mix": {
      "mean": 0.0024058430382971037,
      "var": 0.0012587435609803554,
      "peak": 0.322723388671875,
      "rms": 0.03556025369292629,
      "dynamic_range_db": 49.56710092575425
    }
  },
  "short_time": {
    "clean_rms": {
      "mean": 0.024315975606441498,
      "std": 0.02585754171013832,
      "p10": 0.0,
      "p50": 0.015583301894366741,
      "p90": 0.06397496163845062
    },
    "noise_rms": {
      "mean": 0.011204838752746582,
      "std": 0.0005863223341293633,
      "p10": 0.010609407909214497,
      "p50": 0.01117049902677536,
      "p90": 0.011894667521119118
    },
    "mix_rms": {
      "mean": 0.02807706408202648,
      "std": 0.021825896576046944,
      "p10": 0.01097213663160801,
      "p50": 0.018591459840536118,
      "p90": 0.06191215291619301
    },
    "clean_zcr": {
      "mean": 0.19161921708185056,
      "std": 0.205994955594422,
      "p10": 0.0,
      "p50": 0.105,
      "p90": 0.5795000000000001
    },
    "noise_zcr": {
      "mean": 0.6140213523131672,
      "std": 0.029372113889331027,
      "p10": 0.58,
      "p50": 0.6175,
      "p90": 0.645
    },
    "mix_zcr": {
      "mean": 0.42516014234875443,
      "std": 0.18951167856288834,
      "p10": 0.16275,
      "p50": 0.455,
      "p90": 0.6425
    },
    "separability": {
      "energy_cohen_d": 0.7168965935707092,
      "zcr_cohen_d": 2.8708730692723066,
      "flatness_cohen_d": 0.25200086061708876
    }
  },
  "autocorr": {
    "voiced": {
      "max_peak": 0.7332627634463265,
      "peak_lag": 96
    },
    "unvoiced": {
      "max_peak": 0.2028415997817305,
      "peak_lag": 36
    },
    "noise": {
      "max_peak": 0.15268505053885903,
      "peak_lag": 68
    }
  },
  "frequency": {
    "band_snr_db": {
      "low": 26.241745295567803,
      "mid": 18.06859925184577,
      "high": -5.253339345425423
    },
    "flatness": {
      "clean": {
        "mean": 0.16223835839588244,
        "std": 0.3213863401524969,
        "p10": 0.000630371060294187,
        "p50": 0.006067138546868495,
        "p90": 0.9999999999999997
      },
      "noise": {
        "mean": 0.10456793124329115,
        "std": 0.03815199948996121,
        "p10": 0.0514424614687762,
        "p50": 0.10255025206072596,
        "p90": 0.15573950938372647
      },
      "mix": {
        "mean": 0.09940207878793912,
        "std": 0.07124818675973559,
        "p10": 0.027646781137983377,
        "p50": 0.07614877568268794,
        "p90": 0.19911712262306888
      }
    },
    "entropy": {
      "clean": {
        "mean": 0.5922255743410353,
        "std": 0.21941221550334053,
        "p10": 0.36994589846240705,
        "p50": 0.49748159511158063,
        "p90": 1.0
      },
      "noise": {
        "mean": 0.8686045411166003,
        "std": 0.006995673569597272,
        "p10": 0.8593938501166771,
        "p50": 0.868620025277805,
        "p90": 0.877002739545127
      },
      "mix": {
        "mean": 0.6965255213786855,
        "std": 0.16804489212640997,
        "p10": 0.4732872831959266,
        "p50": 0.7419760120362993,
        "p90": 0.8727575015093801
      }
    },
    "clean_psd_peak_freqs_hz": [
      203.125,
      375.0,
      671.875,
      890.625,
      1109.375,
      1328.125
    ]
  },
  "time_frequency": {
    "local_snr": {
      "mean": -12.667180674098121,
      "median": -16.24105513362959,
      "p10": -40.0,
      "p90": 25.724028444659787,
      "ratio_lt0": 0.7083831738437002,
      "ratio_lt_minus5": 0.6514653110047847,
      "ratio_gt10": 0.20496632996632996
    },
    "nonstationarity_index": 0.8255708322657661,
    "time_corr_decay_lag": 4,
    "freq_corr_decay_lag": 3,
    "spectral_flux": {
      "clean": {
        "mean": 3.771650205341382,
        "std": 3.6211114682559007,
        "p10": 0.0,
        "p50": 3.077653359204998,
        "p90": 9.415542421873536
      },
      "noise": {
        "mean": 1.7729021724161036,
        "std": 0.1144968399958589,
        "p10": 1.667550350529213,
        "p50": 1.7723053796281047,
        "p90": 1.8900490368186549
      },
      "mix": {
        "mean": 4.3055020749870545,
        "std": 3.0315613658054494,
        "p10": 1.7553123582719423,
        "p50": 3.377524643454225,
        "p90": 9.12407616162074
      }
    }
  },
  "statistics_fit": {
    "amplitude_clean": {
      "rayleigh": 0.0,
      "laplace": 0.0,
      "gaussian": 0.0
    },
    "amplitude_noise": {
      "rayleigh": 0.0,
      "laplace": 0.0,
      "gaussian": 0.0
    },
    "power_clean": {
      "exponential": 0.0,
      "lognormal": 0.0
    },
    "power_noise": {
      "exponential": 0.0,
      "lognormal": 0.0
    }
  },
  "baseline_residual": {
    "rms": 0.004774867145476569,
    "kurtosis": 6.178699366811384,
    "flatness_mean": 0.06858328669006546
  },
  "noise_type": "高频噪声主导（有色噪声）"
}