{
  "basic": {
    "clean": {
      "mean": 0.002407837049871223,
      "var": 0.0012539656871735716,
      "peak": 0.326324462890625,
      "rms": 0.03549314535839708,
      "dynamic_range_db": 230.27299263730313
    },
    "noise": {
      "mean": -1.9539480008608316e-06,
      "var": 0.0001259842010753468,
      "peak": 0.0517578125,
      "rms": 0.011224268612843313,
      "dynamic_range_db": 37.35396022585511
    },
    "mix": {
      "mean": 0.002405883101870362,
      "var": 0.0013798528332240852,
      "peak": 0.32916259765625,
      "rms": 0.03722420056527676,
      "dynamic_range_db": 49.53115829581742
    }
  },
  "short_time": {
    "clean_rms": {
      "mean": 0.024315975606441498,
      "std": 0.02585754171013832,
      "p10": 0.0,
      "p50": 0.015583301894366741,
      "p90": 0.06397496163845062
    },
    "noise_rms": {
      "mean": 0.011212803423404694,
      "std": 0.000540145963896066,
      "p10": 0.01056736707687378,
      "p50": 0.011201892048120499,
      "p90": 0.011881185695528984
    },
    "mix_rms": {
      "mean": 0.029215428978204727,
      "std": 0.023071076720952988,
      "p10": 0.011059227399528027,
      "p50": 0.01915176585316658,
      "p90": 0.06503774970769882
    },
    "clean_zcr": {
      "mean": 0.19161921708185056,
      "std": 0.205994955594422,
      "p10": 0.0,
      "p50": 0.105,
      "p90": 0.5795000000000001
    },
    "noise_zcr": {
      "mean": 0.6648754448398576,
      "std": 0.02390590916759954,
      "p10": 0.64,
      "p50": 0.665,
      "p90": 0.6875
    },
    "mix_zcr": {
      "mean": 0.4443861209964413,
      "std": 0.20276426327678534,
      "p10": 0.16275,
      "p50": 0.47124999999999995,
      "p90": 0.6747500000000001
    },
    "separability": {
      "energy_cohen_d": 0.7164889574050903,
      "zcr_cohen_d": 3.227377507762464,
      "flatness_cohen_d": 0.5985933842935786
    }
  },
  "autocorr": {
    "voiced": {
      "max_peak": 0.7332627634463265,
      "peak_lag": 96
    },
    "unvoiced": {
      "max_peak": 0.2028415997817305,
      "peak_lag": 36
    },
    "noise": {
      "max_peak": 0.17986066212432825,
      "peak_lag": 39
    }
  },
  "frequency": {
    "band_snr_db": {
      "low": 58.790635504246715,
      "mid": 24.26578642382927,
      "high": -5.796543251795998
    },
    "flatness": {
      "clean": {
        "mean": 0.16223835839588244,
        "std": 0.3213863401524969,
        "p10": 0.000630371060294187,
        "p50": 0.006067138546868495,
        "p90": 0.9999999999999997
      },
      "noise": {
        "mean": 0.026195103743874466,
        "std": 0.003943091780855297,
        "p10": 0.02383770835600986,
        "p50": 0.026004073803820287,
        "p90": 0.028169954974513328
      },
      "mix": {
        "mean": 0.0813810740486749,
        "std": 0.06278878543589173,
        "p10": 0.023014241633401315,
        "p50": 0.06493936525785225,
        "p90": 0.17285123547541095
      }
    },
    "entropy": {
      "clean": {
        "mean": 0.5922255743410353,
        "std": 0.21941221550334053,
        "p10": 0.36994589846240705,
        "p50": 0.49748159511158063,
        "p90": 1.0
      },
      "noise": {
        "mean": 0.8448697491927515,
        "std": 0.006437746746632225,
        "p10": 0.8363413137942874,
        "p50": 0.8453195072287703,
        "p90": 0.8531038701602432
      },
      "mix": {
        "mean": 0.6849533422078212,
        "std": 0.16158263093636022,
        "p10": 0.4697334576865992,
        "p50": 0.7244087422479694,
        "p90": 0.8543278823084376
      }
    },
    "clean_psd_peak_freqs_hz": [
      203.125,
      375.0,
      671.875,
      890.625,
      1109.375,
      1328.125
    ]
  },
  "time_frequency": {
    "local_snr": {
      "mean": -8.349137477295997,
      "median": -15.052064953984571,
      "p10": -40.0,
      "p90": 41.57740777583098,
      "ratio_lt0": 0.6723484848484849,
      "ratio_lt_minus5": 0.6213893319156477,
      "ratio_gt10": 0.2510134237107921
    },
    "nonstationarity_index": 0.8224639907915348,
    "time_corr_decay_lag": 4,
    "freq_corr_decay_lag": 3,
    "spectral_flux": {
      "clean": {
        "mean": 3.771650205341382,
        "std": 3.6211114682559007,
        "p10": 0.0,
        "p50": 3.077653359204998,
        "p90": 9.415542421873536
      },
      "noise": {
        "mean": 1.7772288177288236,
        "std": 0.11942472874299016,
        "p10": 1.6634190132179336,
        "p50": 1.780919964919935,
        "p90": 1.8933693830615261
      },
      "mix": {
        "mean": 4.485296024509809,
        "std": 3.20471322702601,
        "p10": 1.760060646651226,
        "p50": 3.5581396456549435,
        "p90": 9.552768419960293
      }
    }
  },
  "statistics_fit": {
    "amplitude_clean": {
      "rayleigh": 0.0,
      "laplace": 0.0,
      "gaussian": 0.0
    },
    "amplitude_noise": {
      "rayleigh": 0.0,
      "laplace": 0.0,
      "gaussian": 0.0
    },
    "power_clean": {
      "exponential": 0.0,
      "lognormal": 0.0
    },
    "power_noise": {
      "exponential": 0.0,
      "lognormal": 0.0
    }
  },
  "baseline_residual": {
    "rms": 0.004190504083263126,
    "kurtosis": 7.999695854298902,
    "flatness_mean": 0.024062120382137276
  },
  "noise_type": "高频噪声主导（有色噪声）"
}