{
  "basic": {
    "clean": {
      "mean": 0.002407837049871223,
      "var": 0.0012539656871735716,
      "peak": 0.326324462890625,
      "rms": 0.03549314535839708,
      "dynamic_range_db": 230.27299263730313
    },
    "noise": {
      "mean": -1.93866951953351e-06,
      "var": 0.00012598082532361821,
      "peak": 0.04583740234375,
      "rms": 0.01122411823182818,
      "dynamic_range_db": 36.29884192082588
    },
    "mix": {
      "mean": 0.0024058983803516894,
      "var": 0.0013793279537688992,
      "peak": 0.330596923828125,
      "rms": 0.03721715064033621,
      "dynamic_range_db": 49.568924839704216
    }
  },
  "short_time": {
    "clean_rms": {
      "mean": 0.024315975606441498,
      "std": 0.02585754171013832,
      "p10": 0.0,
      "p50": 0.015583301894366741,
      "p90": 0.06397496163845062
    },
    "noise_rms": {
      "mean": 0.010825444012880325,
      "std": 0.00299175176769495,
      "p10": 0.00788141693919897,
      "p50": 0.0099962642416358,
      "p90": 0.01504824310541153
    },
    "mix_rms": {
      "mean": 0.02909034863114357,
      "std": 0.023214537650346756,
      "p10": 0.009118064306676388,
      "p50": 0.01990295574069023,
      "p90": 0.06476271152496338
    },
    "clean_zcr": {
      "mean": 0.19161921708185056,
      "std": 0.205994955594422,
      "p10": 0.0,
      "p50": 0.105,
      "p90": 0.5795000000000001
    },
    "noise_zcr": {
      "mean": 0.17690836298932383,
      "std": 0.06797018305222471,
      "p10": 0.08,
      "p50": 0.18625,
      "p90": 0.255
    },
    "mix_zcr": {
      "mean": 0.18058274021352314,
      "std": 0.11038756459584685,
      "p10": 0.09025,
      "p50": 0.145,
      "p90": 0.3087500000000004
    },
    "separability": {
      "energy_cohen_d": 0.7329413294792175,
      "zcr_cohen_d": 0.0959080858087458,
      "flatness_cohen_d": 0.019468350683009856
    }
  },
  "autocorr": {
    "voiced": {
      "max_peak": 0.7332627634463265,
      "peak_lag": 96
    },
    "unvoiced": {
      "max_peak": 0.2028415997817305,
      "peak_lag": 36
    },
    "noise": {
      "max_peak": 0.4377050788389915,
      "peak_lag": 21
    }
  },
  "frequency": {
    "band_snr_db": {
      "low": 1.3183737346849647,
      "mid": 16.235384789149073,
      "high": 5.073579508958103
    },
    "flatness": {
      "clean": {
        "mean": 0.16223835839588244,
        "std": 0.3213863401524969,
        "p10": 0.000630371060294187,
        "p50": 0.006067138546868495,
        "p90": 0.9999999999999997
      },
      "noise": {
        "mean": 0.15769757713527432,
        "std": 0.07424155137066918,
        "p10": 0.0578943090589386,
        "p50": 0.15610703763281059,
        "p90": 0.25757333056498494
      },
      "mix": {
        "mean": 0.09670899486506446,
        "std": 0.08495889421077447,
        "p10": 0.010713330157250796,
        "p50": 0.06396847829329982,
        "p90": 0.22789120841367191
      }
    },
    "entropy": {
      "clean": {
        "mean": 0.5922255743410353,
        "std": 0.21941221550334053,
        "p10": 0.36994589846240705,
        "p50": 0.49748159511158063,
        "p90": 1.0
      },
      "noise": {
        "mean": 0.5647682762213817,
        "std": 0.16285138783436492,
        "p10": 0.31999110798996105,
        "p50": 0.5950107454697633,
        "p90": 0.7592675155831448
      },
      "mix": {
        "mean": 0.5420231800311104,
        "std": 0.12401005599582575,
        "p10": 0.4075206011672364,
        "p50": 0.5178301564530583,
        "p90": 0.7275313180496968
      }
    },
    "clean_psd_peak_freqs_hz": [
      203.125,
      375.0,
      671.875,
      890.625,
      1109.375,
      1328.125
    ]
  },
  "time_frequency": {
    "local_snr": {
      "mean": -13.91247582946009,
      "median": -13.038074378067499,
      "p10": -40.0,
      "p90": 10.289567831661625,
      "ratio_lt0": 0.7625487329434698,
      "ratio_lt_minus5": 0.669540802764487,
      "ratio_gt10": 0.10295388091440723
    },
    "nonstationarity_index": 0.7476837316288222,
    "time_corr_decay_lag": 4,
    "freq_corr_decay_lag": 3,
    "spectral_flux": {
      "clean": {
        "mean": 3.771650205341382,
        "std": 3.6211114682559007,
        "p10": 0.0,
        "p50": 3.077653359204998,
        "p90": 9.415542421873536
      },
      "noise": {
        "mean": 1.7348117901941147,
        "std": 0.4681173974138118,
        "p10": 1.2786484802980138,
        "p50": 1.6046429818483434,
        "p90": 2.356645288996528
      },
      "mix": {
        "mean": 4.480569978741023,
        "std": 3.2228993355938313,
        "p10": 1.520774983021357,
        "p50": 3.5707828980168657,
        "p90": 9.508887220154891
      }
    }
  },
  "statistics_fit": {
    "amplitude_clean": {
      "rayleigh": 0.0,
      "laplace": 0.0,
      "gaussian": 0.0
    },
    "amplitude_noise": {
      "rayleigh": 0.0,
      "laplace": 0.0,
      "gaussian": 0.0
    },
    "power_clean": {
      "exponential": 0.0,
      "lognormal": 0.0
    },
    "power_noise": {
      "exponential": 0.0,
      "lognormal": 0.0
    }
  },
  "baseline_residual": {
    "rms": 0.0063829221963936375,
    "kurtosis": 4.591593778393629,
    "flatness_mean": 0.0775509028051273
  },
  "noise_type": "高频噪声主导（有色噪声）"
}