{
  "basic": {
    "clean": {
      "mean": 0.002407837049871223,
      "var": 0.0012539656871735716,
      "peak": 0.326324462890625,
      "rms": 0.03549314535839708,
      "dynamic_range_db": 230.27299263730313
    },
    "noise": {
      "mean": -1.9773750055627253e-06,
      "var": 0.0001996702129708631,
      "peak": 0.019989013671875,
      "rms": 0.014130471254734394,
      "dynamic_range_db": 22.345425907857432
    },
    "mix": {
      "mean": 0.00240585967486566,
      "var": 0.0014504907789166938,
      "peak": 0.33154296875,
      "rms": 0.038161222997852656,
      "dynamic_range_db": 45.45123526258875
    }
  },
  "short_time": {
    "clean_rms": {
      "mean": 0.024315975606441498,
      "std": 0.02585754171013832,
      "p10": 0.0,
      "p50": 0.015583301894366741,
      "p90": 0.06397496163845062
    },
    "noise_rms": {
      "mean": 0.014118910767138004,
      "std": 0.00018277780327480286,
      "p10": 0.014111427590250969,
      "p50": 0.014129748567938805,
      "p90": 0.01414719969034195
    },
    "mix_rms": {
      "mean": 0.030973732471466064,
      "std": 0.022276505827903748,
      "p10": 0.014131994917988777,
      "p50": 0.0208938829600811,
      "p90": 0.06559208780527115
    },
    "clean_zcr": {
      "mean": 0.19161921708185056,
      "std": 0.205994955594422,
      "p10": 0.0,
      "p50": 0.105,
      "p90": 0.5795000000000001
    },
    "noise_zcr": {
      "mean": 0.4169261565836299,
      "std": 0.22651922327944132,
      "p10": 0.1025,
      "p50": 0.4175,
      "p90": 0.7297500000000001
    },
    "mix_zcr": {
      "mean": 0.3400756227758007,
      "std": 0.21699481370400128,
      "p10": 0.11025,
      "p50": 0.2825,
      "p90": 0.7297500000000001
    },
    "separability": {
      "energy_cohen_d": 0.5576890110969543,
      "zcr_cohen_d": 1.0406765937964417,
      "flatness_cohen_d": 0.7137751150955868
    }
  },
  "autocorr": {
    "voiced": {
      "max_peak": 0.7332627634463265,
      "peak_lag": 96
    },
    "unvoiced": {
      "max_peak": 0.2028415997817305,
      "peak_lag": 36
    },
    "noise": {
      "max_peak": 0.8739739301219024,
      "peak_lag": 44
    }
  },
  "frequency": {
    "band_snr_db": {
      "low": 13.4321546363999,
      "mid": 10.756093726404753,
      "high": -4.8512103164236215
    },
    "flatness": {
      "clean": {
        "mean": 0.16223835839588244,
        "std": 0.3213863401524969,
        "p10": 0.000630371060294187,
        "p50": 0.006067138546868495,
        "p90": 0.9999999999999997
      },
      "noise": {
        "mean": 2.9609357418009184e-05,
        "std": 0.00046575599220062265,
        "p10": 4.3147349092661216e-07,
        "p50": 7.464716604797464e-07,
        "p90": 8.131741838555011e-07
      },
      "mix": {
        "mean": 0.008655807530002503,
        "std": 0.016242657493606885,
        "p10": 4.3147349092661216e-07,
        "p50": 0.0018079399903495844,
        "p90": 0.03857530654143854
      }
    },
    "entropy": {
      "clean": {
        "mean": 0.5922255743410353,
        "std": 0.21941221550334053,
        "p10": 0.36994589846240705,
        "p50": 0.49748159511158063,
        "p90": 1.0
      },
      "noise": {
        "mean": 0.20417716652060694,
        "std": 0.005793209122270676,
        "p10": 0.2036711050898504,
        "p50": 0.20376649454925005,
        "p90": 0.20385880163122785
      },
      "mix": {
        "mean": 0.399515733405354,
        "std": 0.1311393827747964,
        "p10": 0.20384918506295208,
        "p50": 0.4290770499304766,
        "p90": 0.5281760542191116
      }
    },
    "clean_psd_peak_freqs_hz": [
      203.125,
      375.0,
      671.875,
      890.625,
      1109.375,
      1328.125
    ]
  },
  "time_frequency": {
    "local_snr": {
      "mean": 26.63731954032597,
      "median": 38.31035915379678,
      "p10": -39.91993563204741,
      "p90": 50.0,
      "ratio_lt0": 0.16830586567428674,
      "ratio_lt_minus5": 0.15410132021974127,
      "ratio_gt10": 0.7969885256069467
    },
    "nonstationarity_index": 0.8163767546125387,
    "time_corr_decay_lag": 4,
    "freq_corr_decay_lag": 3,
    "spectral_flux": {
      "clean": {
        "mean": 3.771650205341382,
        "std": 3.6211114682559007,
        "p10": 0.0,
        "p50": 3.077653359204998,
        "p90": 9.415542421873536
      },
      "noise": {
        "mean": 2.568404081587903,
        "std": 0.1223168187113023,
        "p10": 2.5760686255627454,
        "p50": 2.5774690287158717,
        "p90": 2.5788750191323344
      },
      "mix": {
        "mean": 4.975346255511067,
        "std": 3.008789219915599,
        "p10": 2.5779657927789748,
        "p50": 3.9605643542367646,
        "p90": 9.798414029365958
      }
    }
  },
  "statistics_fit": {
    "amplitude_clean": {
      "rayleigh": 0.0,
      "laplace": 0.0,
      "gaussian": 0.0
    },
    "amplitude_noise": {
      "rayleigh": 0.0,
      "laplace": 0.0,
      "gaussian": 0.0
    },
    "power_clean": {
      "exponential": 0.0,
      "lognormal": 0.0
    },
    "power_noise": {
      "exponential": 0.0,
      "lognormal": 0.0
    }
  },
  "baseline_residual": {
    "rms": 0.015120200919902405,
    "kurtosis": 2.00158114321263,
    "flatness_mean": 0.0001599039027193443
  },
  "noise_type": "高频噪声主导（有色噪声）"
}