{
  "basic": {
    "clean": {
      "mean": 0.002407837049871223,
      "var": 0.0012539656871735716,
      "peak": 0.326324462890625,
      "rms": 0.03549314535839708,
      "dynamic_range_db": 230.27299263730313
    },
    "noise": {
      "mean": -9.510005821739687e-07,
      "var": 0.00015860489213249645,
      "peak": 0.290191650390625,
      "rms": 0.012593843497395804,
      "dynamic_range_db": 62.660736107050695
    },
    "mix": {
      "mean": 0.002406886049289049,
      "var": 0.0014055375160759072,
      "peak": 0.328704833984375,
      "rms": 0.03756768049174941,
      "dynamic_range_db": 63.743159676890464
    }
  },
  "short_time": {
    "clean_rms": {
      "mean": 0.024315975606441498,
      "std": 0.02585754171013832,
      "p10": 0.0,
      "p50": 0.015583301894366741,
      "p90": 0.06397496163845062
    },
    "noise_rms": {
      "mean": 0.00908524077385664,
      "std": 0.008994451723992825,
      "p10": 0.00022023195924703032,
      "p50": 0.007630030624568462,
      "p90": 0.02253798395395279
    },
    "mix_rms": {
      "mean": 0.028787843883037567,
      "std": 0.024218901991844177,
      "p10": 0.004581748973578215,
      "p50": 0.022661037743091583,
      "p90": 0.06595814973115921
    },
    "clean_zcr": {
      "mean": 0.19161921708185056,
      "std": 0.205994955594422,
      "p10": 0.0,
      "p50": 0.105,
      "p90": 0.5795000000000001
    },
    "noise_zcr": {
      "mean": 0.0025222419928825623,
      "std": 0.0031968267114890632,
      "p10": 0.0,
      "p50": 0.0,
      "p90": 0.005
    },
    "mix_zcr": {
      "mean": 0.16851868327402136,
      "std": 0.1940568167792097,
      "p10": 0.005,
      "p50": 0.09875,
      "p90": 0.5535000000000005
    },
    "separability": {
      "energy_cohen_d": 0.7867674231529236,
      "zcr_cohen_d": 1.2980478523875145,
      "flatness_cohen_d": 0.19947440624483473
    }
  },
  "autocorr": {
    "voiced": {
      "max_peak": 0.7332627634463265,
      "peak_lag": 96
    },
    "unvoiced": {
      "max_peak": 0.2028415997817305,
      "peak_lag": 36
    },
    "noise": {
      "max_peak": 0.018481227916307155,
      "peak_lag": 171
    }
  },
  "frequency": {
    "band_snr_db": {
      "low": -0.3279491180721777,
      "mid": 11.803610725963491,
      "high": 5.176449564853254
    },
    "flatness": {
      "clean": {
        "mean": 0.16223835839588244,
        "std": 0.3213863401524969,
        "p10": 0.000630371060294187,
        "p50": 0.006067138546868495,
        "p90": 0.9999999999999997
      },
      "noise": {
        "mean": 0.20878698081214964,
        "std": 0.07497470796841242,
        "p10": 0.1358303519166904,
        "p50": 0.22812332585628367,
        "p90": 0.2784502957303141
      },
      "mix": {
        "mean": 0.11598554555117736,
        "std": 0.10311956941985077,
        "p10": 0.0053780889740622844,
        "p50": 0.0775128723694234,
        "p90": 0.2728296849222789
      }
    },
    "entropy": {
      "clean": {
        "mean": 0.5922255743410353,
        "std": 0.21941221550334053,
        "p10": 0.36994589846240705,
        "p50": 0.49748159511158063,
        "p90": 1.0
      },
      "noise": {
        "mean": 0.7116510499997224,
        "std": 0.17939442157027435,
        "p10": 0.6235869436574331,
        "p50": 0.764699322955362,
        "p90": 0.7957020518320329
      },
      "mix": {
        "mean": 0.6205223472399146,
        "std": 0.15922614782957017,
        "p10": 0.4131085559596156,
        "p50": 0.6097168171626418,
        "p90": 0.801546579287359
      }
    },
    "clean_psd_peak_freqs_hz": [
      203.125,
      375.0,
      671.875,
      890.625,
      1109.375,
      1328.125
    ]
  },
  "time_frequency": {
    "local_snr": {
      "mean": -9.352831699340891,
      "median": -10.639671240352936,
      "p10": -40.0,
      "p90": 22.249580607888937,
      "ratio_lt0": 0.6756767233740918,
      "ratio_lt_minus5": 0.5969785575048733,
      "ratio_gt10": 0.19124357611199716
    },
    "nonstationarity_index": 0.7532994351060017,
    "time_corr_decay_lag": 4,
    "freq_corr_decay_lag": 3,
    "spectral_flux": {
      "clean": {
        "mean": 3.771650205341382,
        "std": 3.6211114682559007,
        "p10": 0.0,
        "p50": 3.077653359204998,
        "p90": 9.415542421873536
      },
      "noise": {
        "mean": 2.0157758474612564,
        "std": 1.3685540664467055,
        "p10": 0.26021249617407,
        "p50": 1.850540753061284,
        "p90": 3.95382313709943
      },
      "mix": {
        "mean": 4.712023684838544,
        "std": 3.248140689165113,
        "p10": 1.4920197547677123,
        "p50": 3.9626725191030125,
        "p90": 9.59608784810636
      }
    }
  },
  "statistics_fit": {
    "amplitude_clean": {
      "rayleigh": 0.0,
      "laplace": 0.0,
      "gaussian": 0.0
    },
    "amplitude_noise": {
      "rayleigh": 0.0,
      "laplace": 0.0,
      "gaussian": 0.0
    },
    "power_clean": {
      "exponential": 0.0,
      "lognormal": 0.0
    },
    "power_noise": {
      "exponential": 0.0,
      "lognormal": 0.0
    }
  },
  "baseline_residual": {
    "rms": 0.00974924405538142,
    "kurtosis": 142.157182213974,
    "flatness_mean": 0.15112008390048012
  },
  "noise_type": "低频噪声主导（有色噪声）"
}