{
  "basic": {
    "clean": {
      "mean": 0.002407837049871223,
      "var": 0.0012539656871735716,
      "peak": 0.326324462890625,
      "rms": 0.03549314535839708,
      "dynamic_range_db": 230.27299263730313
    },
    "noise": {
      "mean": -2.007931968217369e-06,
      "var": 7.949032212882637e-05,
      "peak": 0.01519775390625,
      "rms": 0.008915734807665443,
      "dynamic_range_db": 31.665719787735355
    },
    "mix": {
      "mean": 0.0024058291179030055,
      "var": 0.0013333432958256767,
      "peak": 0.336639404296875,
      "rms": 0.03659414311840389,
      "dynamic_range_db": 50.482018885613726
    }
  },
  "short_time": {
    "clean_rms": {
      "mean": 0.024315975606441498,
      "std": 0.02585754171013832,
      "p10": 0.0,
      "p50": 0.015583301894366741,
      "p90": 0.06397496163845062
    },
    "noise_rms": {
      "mean": 0.008866190910339355,
      "std": 0.0008081617997959256,
      "p10": 0.00807566475123167,
      "p50": 0.00808020867407322,
      "p90": 0.009673592634499073
    },
    "mix_rms": {
      "mean": 0.02790617011487484,
      "std": 0.023668617010116577,
      "p10": 0.008118676021695137,
      "p50": 0.018084269016981125,
      "p90": 0.06441295892000198
    },
    "clean_zcr": {
      "mean": 0.19161921708185056,
      "std": 0.205994955594422,
      "p10": 0.0,
      "p50": 0.105,
      "p90": 0.5795000000000001
    },
    "noise_zcr": {
      "mean": 0.007491103202846975,
      "std": 0.00014887189084236216,
      "p10": 0.0075,
      "p50": 0.0075,
      "p90": 0.0075
    },
    "mix_zcr": {
      "mean": 0.11623220640569393,
      "std": 0.13639463785929704,
      "p10": 0.0075,
      "p50": 0.0825,
      "p90": 0.2975
    },
    "separability": {
      "energy_cohen_d": 0.8445749282836914,
      "zcr_cohen_d": 1.2640911866168318,
      "flatness_cohen_d": 0.713839692875039
    }
  },
  "autocorr": {
    "voiced": {
      "max_peak": 0.7332627634463265,
      "peak_lag": 96
    },
    "unvoiced": {
      "max_peak": 0.2028415997817305,
      "peak_lag": 36
    },
    "noise": {
      "max_peak": 0.7911463047704326,
      "peak_lag": 20
    }
  },
  "frequency": {
    "band_snr_db": {
      "low": -1.549579219593201,
      "mid": 40.07565408859115,
      "high": 55.740809109415906
    },
    "flatness": {
      "clean": {
        "mean": 0.16223835839588244,
        "std": 0.3213863401524969,
        "p10": 0.000630371060294187,
        "p50": 0.006067138546868495,
        "p90": 0.9999999999999997
      },
      "noise": {
        "mean": 1.5050106760567514e-05,
        "std": 0.0002622251982770492,
        "p10": 6.845727871887719e-07,
        "p50": 2.0916310225050753e-06,
        "p90": 2.2873901881106508e-06
      },
      "mix": {
        "mean": 0.013786546434409469,
        "std": 0.026433157456443826,
        "p10": 6.845727871887719e-07,
        "p50": 0.0021790594311953413,
        "p90": 0.06669084770221513
      }
    },
    "entropy": {
      "clean": {
        "mean": 0.5922255743410353,
        "std": 0.21941221550334053,
        "p10": 0.36994589846240705,
        "p50": 0.49748159511158063,
        "p90": 1.0
      },
      "noise": {
        "mean": 0.27517764719800025,
        "std": 0.004490107445902809,
        "p10": 0.27277113149450855,
        "p50": 0.27680994309101176,
        "p90": 0.2768948251367179
      },
      "mix": {
        "mean": 0.4489320221327634,
        "std": 0.1288747256091936,
        "p10": 0.27688018598144226,
        "p50": 0.44695717158447207,
        "p90": 0.6381883018497464
      }
    },
    "clean_psd_peak_freqs_hz": [
      203.125,
      375.0,
      671.875,
      890.625,
      1109.375,
      1328.125
    ]
  },
  "time_frequency": {
    "local_snr": {
      "mean": 26.508334387556307,
      "median": 38.15380287538402,
      "p10": -35.3625611564485,
      "p90": 50.0,
      "ratio_lt0": 0.17521154527733476,
      "ratio_lt_minus5": 0.16032030834662414,
      "ratio_gt10": 0.7899610136452242
    },
    "nonstationarity_index": 0.7549770856803165,
    "time_corr_decay_lag": 4,
    "freq_corr_decay_lag": 3,
    "spectral_flux": {
      "clean": {
        "mean": 3.771650205341382,
        "std": 3.6211114682559007,
        "p10": 0.0,
        "p50": 3.077653359204998,
        "p90": 9.415542421873536
      },
      "noise": {
        "mean": 0.33420306030576763,
        "std": 0.055476565791540804,
        "p10": 0.32962752626741393,
        "p50": 0.3299152829954368,
        "p90": 0.3301929625661585
      },
      "mix": {
        "mean": 3.8669125055860722,
        "std": 3.553218896395025,
        "p10": 0.3299152829954368,
        "p50": 3.150011405037459,
        "p90": 9.415064027908617
      }
    }
  },
  "statistics_fit": {
    "amplitude_clean": {
      "rayleigh": 0.0,
      "laplace": 0.0,
      "gaussian": 0.0
    },
    "amplitude_noise": {
      "rayleigh": 0.0,
      "laplace": 0.0,
      "gaussian": 0.0
    },
    "power_clean": {
      "exponential": 0.0,
      "lognormal": 0.0
    },
    "power_noise": {
      "exponential": 0.0,
      "lognormal": 0.0
    }
  },
  "baseline_residual": {
    "rms": 0.002374446754574618,
    "kurtosis": 3.9880948973058468,
    "flatness_mean": 0.00150805228519113
  },
  "noise_type": "低频噪声主导（有色噪声）"
}