{
  "basic": {
    "clean": {
      "mean": 0.002407837049871223,
      "var": 0.0012539656871735716,
      "peak": 0.326324462890625,
      "rms": 0.03549314535839708,
      "dynamic_range_db": 230.27299263730313
    },
    "noise": {
      "mean": -1.9376509541116883e-06,
      "var": 7.949118462863546e-05,
      "peak": 0.01519775390625,
      "rms": 0.008915783161513445,
      "dynamic_range_db": 31.566071777605934
    },
    "mix": {
      "mean": 0.002405899398917111,
      "var": 0.001334235549987759,
      "peak": 0.339019775390625,
      "rms": 0.036606336922798875,
      "dynamic_range_db": 50.28392098619147
    }
  },
  "short_time": {
    "clean_rms": {
      "mean": 0.024315975606441498,
      "std": 0.02585754171013832,
      "p10": 0.0,
      "p50": 0.015583301894366741,
      "p90": 0.06397496163845062
    },
    "noise_rms": {
      "mean": 0.008936877362430096,
      "std": 0.0006709290319122374,
      "p10": 0.007878856733441353,
      "p50": 0.008794303052127361,
      "p90": 0.009646201506257057
    },
    "mix_rms": {
      "mean": 0.027945736423134804,
      "std": 0.02365587279200554,
      "p10": 0.008790478110313416,
      "p50": 0.01755063608288765,
      "p90": 0.0647839605808258
    },
    "clean_zcr": {
      "mean": 0.19161921708185056,
      "std": 0.205994955594422,
      "p10": 0.0,
      "p50": 0.105,
      "p90": 0.5795000000000001
    },
    "noise_zcr": {
      "mean": 0.007495551601423488,
      "std": 0.00010536227119508014,
      "p10": 0.0075,
      "p50": 0.0075,
      "p90": 0.0075
    },
    "mix_zcr": {
      "mean": 0.1140035587188612,
      "std": 0.13453114505903174,
      "p10": 0.0075,
      "p50": 0.08,
      "p90": 0.31650000000000034
    },
    "separability": {
      "energy_cohen_d": 0.8408382534980774,
      "zcr_cohen_d": 1.264060811868907,
      "flatness_cohen_d": 0.7138275816305828
    }
  },
  "autocorr": {
    "voiced": {
      "max_peak": 0.7332627634463265,
      "peak_lag": 96
    },
    "unvoiced": {
      "max_peak": 0.2028415997817305,
      "peak_lag": 36
    },
    "noise": {
      "max_peak": 0.6155394573369533,
      "peak_lag": 20
    }
  },
  "frequency": {
    "band_snr_db": {
      "low": -1.4841367967902033,
      "mid": 30.738916595938797,
      "high": 55.684413438054186
    },
    "flatness": {
      "clean": {
        "mean": 0.16223835839588244,
        "std": 0.3213863401524969,
        "p10": 0.000630371060294187,
        "p50": 0.006067138546868495,
        "p90": 0.9999999999999997
      },
      "noise": {
        "mean": 1.7781817728567298e-05,
        "std": 0.00030826267259732106,
        "p10": 1.1660302557350921e-06,
        "p50": 2.263515010299163e-06,
        "p90": 2.4855738122016314e-06
      },
      "mix": {
        "mean": 0.013875440944281324,
        "std": 0.026664642164627196,
        "p10": 1.1660302557350921e-06,
        "p50": 0.002157544660317711,
        "p90": 0.06775430948253888
      }
    },
    "entropy": {
      "clean": {
        "mean": 0.5922255743410353,
        "std": 0.21941221550334053,
        "p10": 0.36994589846240705,
        "p50": 0.49748159511158063,
        "p90": 1.0
      },
      "noise": {
        "mean": 0.2767894729530075,
        "std": 0.006146372309920876,
        "p10": 0.27404949575651205,
        "p50": 0.2758031241418868,
        "p90": 0.27793747151652504
      },
      "mix": {
        "mean": 0.4490503572871488,
        "std": 0.1278174466989641,
        "p10": 0.27747714100479576,
        "p50": 0.44859823824873724,
        "p90": 0.635493420932176
      }
    },
    "clean_psd_peak_freqs_hz": [
      203.125,
      375.0,
      671.875,
      890.625,
      1109.375,
      1328.125
    ]
  },
  "time_frequency": {
    "local_snr": {
      "mean": 26.13832675829015,
      "median": 37.90085504471574,
      "p10": -39.17783431243793,
      "p90": 50.0,
      "ratio_lt0": 0.17669568491936913,
      "ratio_lt_minus5": 0.1605916622363991,
      "ratio_gt10": 0.7870702640439483
    },
    "nonstationarity_index": 0.7532189243026394,
    "time_corr_decay_lag": 4,
    "freq_corr_decay_lag": 3,
    "spectral_flux": {
      "clean": {
        "mean": 3.771650205341382,
        "std": 3.6211114682559007,
        "p10": 0.0,
        "p50": 3.077653359204998,
        "p90": 9.415542421873536
      },
      "noise": {
        "mean": 0.09041019595519924,
        "std": 0.0870744554627982,
        "p10": 0.002842048661697278,
        "p50": 0.0711449706848514,
        "p90": 0.13698991718615866
      },
      "mix": {
        "mean": 3.8132715685364458,
        "std": 3.599985679174455,
        "p10": 0.13659274447194125,
        "p50": 3.0795572268380615,
        "p90": 9.466351257668515
      }
    }
  },
  "statistics_fit": {
    "amplitude_clean": {
      "rayleigh": 0.0,
      "laplace": 0.0,
      "gaussian": 0.0
    },
    "amplitude_noise": {
      "rayleigh": 0.0,
      "laplace": 0.0,
      "gaussian": 0.0
    },
    "power_clean": {
      "exponential": 0.0,
      "lognormal": 0.0
    },
    "power_noise": {
      "exponential": 0.0,
      "lognormal": 0.0
    }
  },
  "baseline_residual": {
    "rms": 0.0023849701395690483,
    "kurtosis": 4.207040451869929,
    "flatness_mean": 0.0012346575432435694
  },
  "noise_type": "低频噪声主导（有色噪声）"
}