{
  "basic": {
    "clean": {
      "mean": 0.002407837049871223,
      "var": 0.0012539656871735716,
      "peak": 0.326324462890625,
      "rms": 0.03549314535839708,
      "dynamic_range_db": 230.27299263730313
    },
    "noise": {
      "mean": -1.979751658213642e-06,
      "var": 0.00039839473253732425,
      "peak": 0.0833740234375,
      "rms": 0.01995982809186344,
      "dynamic_range_db": 36.68841406661935
    },
    "mix": {
      "mean": 0.0024058572982130094,
      "var": 0.0016571801098965145,
      "peak": 0.34271240234375,
      "rms": 0.04077950784690614,
      "dynamic_range_db": 46.20034133019473
    }
  },
  "short_time": {
    "clean_rms": {
      "mean": 0.024315975606441498,
      "std": 0.02585754171013832,
      "p10": 0.0,
      "p50": 0.015583301894366741,
      "p90": 0.06397496163845062
    },
    "noise_rms": {
      "mean": 0.019459500908851624,
      "std": 0.00438027223572135,
      "p10": 0.01381136104464531,
      "p50": 0.01930559054017067,
      "p90": 0.02505609393119812
    },
    "mix_rms": {
      "mean": 0.034880101680755615,
      "std": 0.021130235865712166,
      "p10": 0.01692013069987297,
      "p50": 0.027515819296240807,
      "p90": 0.06816592067480087
    },
    "clean_zcr": {
      "mean": 0.19161921708185056,
      "std": 0.205994955594422,
      "p10": 0.0,
      "p50": 0.105,
      "p90": 0.5795000000000001
    },
    "noise_zcr": {
      "mean": 0.05680604982206405,
      "std": 0.007577225126908418,
      "p10": 0.0475,
      "p50": 0.0575,
      "p90": 0.065
    },
    "mix_zcr": {
      "mean": 0.10750444839857651,
      "std": 0.08888601040085235,
      "p10": 0.0525,
      "p50": 0.0775,
      "p90": 0.1975
    },
    "separability": {
      "energy_cohen_d": 0.2618817687034607,
      "zcr_cohen_d": 0.9249049767766573,
      "flatness_cohen_d": 0.7138528714919226
    }
  },
  "autocorr": {
    "voiced": {
      "max_peak": 0.7332627634463265,
      "peak_lag": 96
    },
    "unvoiced": {
      "max_peak": 0.2028415997817305,
      "peak_lag": 36
    },
    "noise": {
      "max_peak": 0.39648873023993386,
      "peak_lag": 79
    }
  },
  "frequency": {
    "band_snr_db": {
      "low": -2.929804543850068,
      "mid": 6.053501413691965,
      "high": 55.746346142109154
    },
    "flatness": {
      "clean": {
        "mean": 0.16223835839588244,
        "std": 0.3213863401524969,
        "p10": 0.000630371060294187,
        "p50": 0.006067138546868495,
        "p90": 0.9999999999999997
      },
      "noise": {
        "mean": 1.2071691170737028e-05,
        "std": 0.00021856409055558116,
        "p10": 5.304780605142353e-07,
        "p50": 8.969276137214209e-07,
        "p90": 1.747269595824923e-06
      },
      "mix": {
        "mean": 0.008038503074541967,
        "std": 0.01699803064151218,
        "p10": 1.003295830317925e-06,
        "p50": 0.0015081741055645783,
        "p90": 0.029866179958317373
      }
    },
    "entropy": {
      "clean": {
        "mean": 0.5922255743410353,
        "std": 0.21941221550334053,
        "p10": 0.36994589846240705,
        "p50": 0.49748159511158063,
        "p90": 1.0
      },
      "noise": {
        "mean": 0.42034950048643754,
        "std": 0.02870773052216716,
        "p10": 0.3853628421509325,
        "p50": 0.42188015822616143,
        "p90": 0.45480745569820435
      },
      "mix": {
        "mean": 0.4845017879432882,
        "std": 0.07817988736555156,
        "p10": 0.40916019913527407,
        "p50": 0.4696755598919684,
        "p90": 0.5617559234318407
      }
    },
    "clean_psd_peak_freqs_hz": [
      203.125,
      375.0,
      671.875,
      890.625,
      1109.375,
      1328.125
    ]
  },
  "time_frequency": {
    "local_snr": {
      "mean": 24.08381634258648,
      "median": 35.84364216266631,
      "p10": -40.0,
      "p90": 50.0,
      "ratio_lt0": 0.19796096934254828,
      "ratio_lt_minus5": 0.17878344852029063,
      "ratio_gt10": 0.7575259170653907
    },
    "nonstationarity_index": 0.61052307232948,
    "time_corr_decay_lag": 6,
    "freq_corr_decay_lag": 3,
    "spectral_flux": {
      "clean": {
        "mean": 3.771650205341382,
        "std": 3.6211114682559007,
        "p10": 0.0,
        "p50": 3.077653359204998,
        "p90": 9.415542421873536
      },
      "noise": {
        "mean": 2.0293834455944464,
        "std": 0.5692329585727722,
        "p10": 1.3375484071189179,
        "p50": 1.9650867269745311,
        "p90": 2.8356750747533446
      },
      "mix": {
        "mean": 4.784227063943185,
        "std": 3.1594979867173314,
        "p10": 1.8911017252164466,
        "p50": 3.8458672293371947,
        "p90": 9.726750549861974
      }
    }
  },
  "statistics_fit": {
    "amplitude_clean": {
      "rayleigh": 0.0,
      "laplace": 0.0,
      "gaussian": 0.0
    },
    "amplitude_noise": {
      "rayleigh": 0.0,
      "laplace": 0.0,
      "gaussian": 0.0
    },
    "power_clean": {
      "exponential": 0.0,
      "lognormal": 0.0
    },
    "power_noise": {
      "exponential": 0.0,
      "lognormal": 0.0
    }
  },
  "baseline_residual": {
    "rms": 0.010324646092638832,
    "kurtosis": 4.678796690716844,
    "flatness_mean": 0.001342618156573776
  },
  "noise_type": "混合有色噪声"
}