{
  "basic": {
    "clean": {
      "mean": 0.002407837049871223,
      "var": 0.0012539656871735716,
      "peak": 0.326324462890625,
      "rms": 0.03549314535839708,
      "dynamic_range_db": 230.27299263730313
    },
    "noise": {
      "mean": -1.942064737606248e-06,
      "var": 0.00019966401698133618,
      "peak": 0.049346923828125,
      "rms": 0.014130252005995917,
      "dynamic_range_db": 38.15360047079346
    },
    "mix": {
      "mean": 0.0024058949851336166,
      "var": 0.0014563922991027533,
      "peak": 0.318695068359375,
      "rms": 0.03823847056018643,
      "dynamic_range_db": 49.74692721089001
    }
  },
  "short_time": {
    "clean_rms": {
      "mean": 0.024315975606441498,
      "std": 0.02585754171013832,
      "p10": 0.0,
      "p50": 0.015583301894366741,
      "p90": 0.06397496163845062
    },
    "noise_rms": {
      "mean": 0.0100732846185565,
      "std": 0.009879508055746555,
      "p10": 0.0019087912514805794,
      "p50": 0.006423230282962322,
      "p90": 0.02058379165828228
    },
    "mix_rms": {
      "mean": 0.029487725347280502,
      "std": 0.024341123178601265,
      "p10": 0.004491692408919334,
      "p50": 0.023152299225330353,
      "p90": 0.06483478099107742
    },
    "clean_zcr": {
      "mean": 0.19161921708185056,
      "std": 0.205994955594422,
      "p10": 0.0,
      "p50": 0.105,
      "p90": 0.5795000000000001
    },
    "noise_zcr": {
      "mean": 0.00630338078291815,
      "std": 0.01583747658962407,
      "p10": 0.0,
      "p50": 0.0,
      "p90": 0.0225
    },
    "mix_zcr": {
      "mean": 0.10036032028469752,
      "std": 0.13987806576862377,
      "p10": 0.0,
      "p50": 0.06875,
      "p90": 0.19
    },
    "separability": {
      "energy_cohen_d": 0.7276643514633179,
      "zcr_cohen_d": 1.2685020512868694,
      "flatness_cohen_d": 0.7082888832848706
    }
  },
  "autocorr": {
    "voiced": {
      "max_peak": 0.7332627634463265,
      "peak_lag": 96
    },
    "unvoiced": {
      "max_peak": 0.2028415997817305,
      "peak_lag": 36
    },
    "noise": {
      "max_peak": 0.868238774953883,
      "peak_lag": 20
    }
  },
  "frequency": {
    "band_snr_db": {
      "low": 12.025851832426246,
      "mid": 41.5516173373041,
      "high": 36.68038588929417
    },
    "flatness": {
      "clean": {
        "mean": 0.16223835839588244,
        "std": 0.3213863401524969,
        "p10": 0.000630371060294187,
        "p50": 0.006067138546868495,
        "p90": 0.9999999999999997
      },
      "noise": {
        "mean": 0.001270939716068988,
        "std": 0.002683431351010402,
        "p10": 2.7550855614718733e-05,
        "p50": 0.00030172085382760666,
        "p90": 0.0033556445177231535
      },
      "mix": {
        "mean": 0.012895888590183698,
        "std": 0.02827623946604855,
        "p10": 0.00037101276836122224,
        "p50": 0.0023414876557274,
        "p90": 0.04741703883120153
      }
    },
    "entropy": {
      "clean": {
        "mean": 0.5922255743410353,
        "std": 0.21941221550334053,
        "p10": 0.36994589846240705,
        "p50": 0.49748159511158063,
        "p90": 1.0
      },
      "noise": {
        "mean": 0.1311511422446997,
        "std": 0.06788533905675316,
        "p10": 0.0820207330792022,
        "p50": 0.10514674656430469,
        "p90": 0.22708375909390846
      },
      "mix": {
        "mean": 0.35981806830172214,
        "std": 0.17044834951222654,
        "p10": 0.10540421974694347,
        "p50": 0.3908190720010074,
        "p90": 0.5289783571642523
      }
    },
    "clean_psd_peak_freqs_hz": [
      203.125,
      375.0,
      671.875,
      890.625,
      1109.375,
      1328.125
    ]
  },
  "time_frequency": {
    "local_snr": {
      "mean": 11.251663237955782,
      "median": 16.823394556977913,
      "p10": -40.0,
      "p90": 40.20740229553869,
      "ratio_lt0": 0.255349548112706,
      "ratio_lt_minus5": 0.2179525518341308,
      "ratio_gt10": 0.6270933014354066
    },
    "nonstationarity_index": 0.6769879036385321,
    "time_corr_decay_lag": 5,
    "freq_corr_decay_lag": 3,
    "spectral_flux": {
      "clean": {
        "mean": 3.771650205341382,
        "std": 3.6211114682559007,
        "p10": 0.0,
        "p50": 3.077653359204998,
        "p90": 9.415542421873536
      },
      "noise": {
        "mean": 0.644774301226725,
        "std": 0.4728105207004889,
        "p10": 0.2324155802906687,
        "p50": 0.534328593821954,
        "p90": 1.1430537857679843
      },
      "mix": {
        "mean": 3.973449138241127,
        "std": 3.489860682947026,
        "p10": 0.5189846345460654,
        "p50": 3.170911884304265,
        "p90": 9.410795043706711
      }
    }
  },
  "statistics_fit": {
    "amplitude_clean": {
      "rayleigh": 0.0,
      "laplace": 0.0,
      "gaussian": 0.0
    },
    "amplitude_noise": {
      "rayleigh": 0.0,
      "laplace": 0.0,
      "gaussian": 0.0
    },
    "power_clean": {
      "exponential": 0.0,
      "lognormal": 0.0
    },
    "power_noise": {
      "exponential": 0.0,
      "lognormal": 1.7068441453114624e-153
    }
  },
  "baseline_residual": {
    "rms": 0.0034763142235568834,
    "kurtosis": 2.34065606263618,
    "flatness_mean": 0.023264688688390243
  },
  "noise_type": "低频噪声主导（有色噪声）"
}