{
  "basic": {
    "clean": {
      "mean": 0.002407837049871223,
      "var": 0.0012539656871735716,
      "peak": 0.326324462890625,
      "rms": 0.03549314535839708,
      "dynamic_range_db": 230.27299263730313
    },
    "noise": {
      "mean": -3.4936793968476033e-07,
      "var": 0.00025137203433604066,
      "peak": 0.187530517578125,
      "rms": 0.015854716505131795,
      "dynamic_range_db": 225.4614390453014
    },
    "mix": {
      "mean": 0.002407487681931538,
      "var": 0.0015083973615062246,
      "peak": 0.326324462890625,
      "rms": 0.03891263752876277,
      "dynamic_range_db": 230.27299263730313
    }
  },
  "short_time": {
    "clean_rms": {
      "mean": 0.024315975606441498,
      "std": 0.02585754171013832,
      "p10": 0.0,
      "p50": 0.015583301894366741,
      "p90": 0.06397496163845062
    },
    "noise_rms": {
      "mean": 0.006431206129491329,
      "std": 0.014465641230344772,
      "p10": 0.0,
      "p50": 0.0,
      "p90": 0.03469143435359001
    },
    "mix_rms": {
      "mean": 0.028662562370300293,
      "std": 0.02630193717777729,
      "p10": 1.1301507583993953e-05,
      "p50": 0.0236759465187788,
      "p90": 0.06755468249320984
    },
    "clean_zcr": {
      "mean": 0.19161921708185056,
      "std": 0.205994955594422,
      "p10": 0.0,
      "p50": 0.105,
      "p90": 0.5795000000000001
    },
    "noise_zcr": {
      "mean": 0.08159697508896797,
      "std": 0.14748324873127233,
      "p10": 0.0,
      "p50": 0.0,
      "p90": 0.365
    },
    "mix_zcr": {
      "mean": 0.2073487544483986,
      "std": 0.1931016140599066,
      "p10": 0.02,
      "p50": 0.1225,
      "p90": 0.5172500000000001
    },
    "separability": {
      "energy_cohen_d": 0.8536579012870789,
      "zcr_cohen_d": 0.6141549212559309,
      "flatness_cohen_d": 1.4760109951924267
    }
  },
  "autocorr": {
    "voiced": {
      "max_peak": 0.7332627634463265,
      "peak_lag": 96
    },
    "unvoiced": {
      "max_peak": 0.2028415997817305,
      "peak_lag": 36
    },
    "noise": {
      "max_peak": 0.1412897929742611,
      "peak_lag": 58
    }
  },
  "frequency": {
    "band_snr_db": {
      "low": 33.263332180619805,
      "mid": 8.5471557324386,
      "high": -4.479470575873589
    },
    "flatness": {
      "clean": {
        "mean": 0.16223835839588244,
        "std": 0.3213863401524969,
        "p10": 0.000630371060294187,
        "p50": 0.006067138546868495,
        "p90": 0.9999999999999997
      },
      "noise": {
        "mean": 0.7225099901379606,
        "std": 0.4299771655446052,
        "p10": 0.033125957276420454,
        "p50": 0.9999999999999997,
        "p90": 0.9999999999999997
      },
      "mix": {
        "mean": 0.13346063792687926,
        "std": 0.28153363151593386,
        "p10": 0.0006590436351458943,
        "p50": 0.013431133373296992,
        "p90": 0.3049617431685626
      }
    },
    "entropy": {
      "clean": {
        "mean": 0.5922255743410353,
        "std": 0.21941221550334053,
        "p10": 0.36994589846240705,
        "p50": 0.49748159511158063,
        "p90": 1.0
      },
      "noise": {
        "mean": 0.9575268546429696,
        "std": 0.06461159417112147,
        "p10": 0.856211789548646,
        "p50": 1.0,
        "p90": 1.0
      },
      "mix": {
        "mean": 0.6209505228054822,
        "std": 0.21854582447828913,
        "p10": 0.37243712440498555,
        "p50": 0.531595491012258,
        "p90": 0.8888074685691109
      }
    },
    "clean_psd_peak_freqs_hz": [
      203.125,
      375.0,
      671.875,
      890.625,
      1109.375,
      1328.125
    ]
  },
  "time_frequency": {
    "local_snr": {
      "mean": 28.971864393731387,
      "median": 50.0,
      "p10": -19.97895508752717,
      "p90": 50.0,
      "ratio_lt0": 0.17391015417331207,
      "ratio_lt_minus5": 0.15489876838561048,
      "ratio_gt10": 0.7018928318270423
    },
    "nonstationarity_index": 0.793453325538809,
    "time_corr_decay_lag": 4,
    "freq_corr_decay_lag": 3,
    "spectral_flux": {
      "clean": {
        "mean": 3.771650205341382,
        "std": 3.6211114682559007,
        "p10": 0.0,
        "p50": 3.077653359204998,
        "p90": 9.415542421873536
      },
      "noise": {
        "mean": 1.2311620824850071,
        "std": 2.4365323364443214,
        "p10": 0.0,
        "p50": 0.0,
        "p90": 6.3006725439271545
      },
      "mix": {
        "mean": 4.510800008819386,
        "std": 3.7661158094696923,
        "p10": 0.01292537719065905,
        "p50": 3.8601645792438912,
        "p90": 10.311546820683668
      }
    }
  },
  "statistics_fit": {
    "amplitude_clean": {
      "rayleigh": 0.0,
      "laplace": 0.0,
      "gaussian": 0.0
    },
    "amplitude_noise": {
      "rayleigh": 0.0,
      "laplace": 0.0,
      "gaussian": 0.0
    },
    "power_clean": {
      "exponential": 0.0,
      "lognormal": 0.0
    },
    "power_noise": {
      "exponential": 0.0,
      "lognormal": 0.0
    }
  },
  "baseline_residual": {
    "rms": 0.01585470629359576,
    "kurtosis": 24.25136673622684,
    "flatness_mean": 0.22286828056505537
  },
  "noise_type": "高频噪声主导（有色噪声）"
}