{
  "basic": {
    "clean": {
      "mean": 0.002407837049871223,
      "var": 0.0012539656871735716,
      "peak": 0.326324462890625,
      "rms": 0.03549314535839708,
      "dynamic_range_db": 230.27299263730313
    },
    "noise": {
      "mean": -1.9318790833880335e-06,
      "var": 0.00039839421549469223,
      "peak": 0.087677001953125,
      "rms": 0.019959815135087024,
      "dynamic_range_db": 36.911035378601376
    },
    "mix": {
      "mean": 0.0024059051707878347,
      "var": 0.001661244477947261,
      "peak": 0.343536376953125,
      "rms": 0.040829313717451646,
      "dynamic_range_db": 46.2211995267462
    }
  },
  "short_time": {
    "clean_rms": {
      "mean": 0.024315975606441498,
      "std": 0.02585754171013832,
      "p10": 0.0,
      "p50": 0.015583301894366741,
      "p90": 0.06397496163845062
    },
    "noise_rms": {
      "mean": 0.019915852695703506,
      "std": 0.0007313699461519718,
      "p10": 0.01903100311756134,
      "p50": 0.019906241446733475,
      "p90": 0.020823700353503227
    },
    "mix_rms": {
      "mean": 0.03502736613154411,
      "std": 0.020974764600396156,
      "p10": 0.019734136760234833,
      "p50": 0.0253651924431324,
      "p90": 0.06673937290906906
    },
    "clean_zcr": {
      "mean": 0.19161921708185056,
      "std": 0.205994955594422,
      "p10": 0.0,
      "p50": 0.105,
      "p90": 0.5795000000000001
    },
    "noise_zcr": {
      "mean": 0.4947864768683273,
      "std": 0.027225641345288383,
      "p10": 0.465,
      "p50": 0.495,
      "p90": 0.5275
    },
    "mix_zcr": {
      "mean": 0.38870551601423486,
      "std": 0.12921911315455245,
      "p10": 0.2,
      "p50": 0.4275,
      "p90": 0.53
    },
    "separability": {
      "energy_cohen_d": 0.2405575066804886,
      "zcr_cohen_d": 2.06338529911534,
      "flatness_cohen_d": 1.754526248398846
    }
  },
  "autocorr": {
    "voiced": {
      "max_peak": 0.7332627634463265,
      "peak_lag": 96
    },
    "unvoiced": {
      "max_peak": 0.2028415997817305,
      "peak_lag": 36
    },
    "noise": {
      "max_peak": 0.1372588686127843,
      "peak_lag": 72
    }
  },
  "frequency": {
    "band_snr_db": {
      "low": 5.882056885874518,
      "mid": 8.818062403268447,
      "high": -8.504775054272871
    },
    "flatness": {
      "clean": {
        "mean": 0.16223835839588244,
        "std": 0.3213863401524969,
        "p10": 0.000630371060294187,
        "p50": 0.006067138546868495,
        "p90": 0.9999999999999997
      },
      "noise": {
        "mean": 0.5618394115639014,
        "std": 0.02132940478857653,
        "p10": 0.5334682256239865,
        "p50": 0.5613965721748544,
        "p90": 0.5883828063396846
      },
      "mix": {
        "mean": 0.3637043493999834,
        "std": 0.19173517262017434,
        "p10": 0.0812492298956331,
        "p50": 0.4072183532497244,
        "p90": 0.5713016701716569
      }
    },
    "entropy": {
      "clean": {
        "mean": 0.5922255743410353,
        "std": 0.21941221550334053,
        "p10": 0.36994589846240705,
        "p50": 0.49748159511158063,
        "p90": 1.0
      },
      "noise": {
        "mean": 0.9326920502356603,
        "std": 0.00413866192637404,
        "p10": 0.9270073467067925,
        "p50": 0.932491424615923,
        "p90": 0.9380655956802653
      },
      "mix": {
        "mean": 0.7754597008172958,
        "std": 0.16561832867704832,
        "p10": 0.5314121091182776,
        "p50": 0.8563581971372687,
        "p90": 0.9339250095414385
      }
    },
    "clean_psd_peak_freqs_hz": [
      203.125,
      375.0,
      671.875,
      890.625,
      1109.375,
      1328.125
    ]
  },
  "time_frequency": {
    "local_snr": {
      "mean": -22.258596931946702,
      "median": -24.14819038238496,
      "p10": -40.0,
      "p90": 0.33210450956257714,
      "ratio_lt0": 0.8965698653198653,
      "ratio_lt_minus5": 0.8404439128123339,
      "ratio_gt10": 0.03745791245791246
    },
    "nonstationarity_index": 0.8282272922384347,
    "time_corr_decay_lag": 3,
    "freq_corr_decay_lag": 2,
    "spectral_flux": {
      "clean": {
        "mean": 3.771650205341382,
        "std": 3.6211114682559007,
        "p10": 0.0,
        "p50": 3.077653359204998,
        "p90": 9.415542421873536
      },
      "noise": {
        "mean": 3.166601894576601,
        "std": 0.1817569842192324,
        "p10": 3.0217655373731303,
        "p50": 3.1736794408453646,
        "p90": 3.3191464628760015
      },
      "mix": {
        "mean": 5.371617922338006,
        "std": 2.885279187135503,
        "p10": 3.1596103188647056,
        "p50": 4.32142428129656,
        "p90": 9.94470722435645
      }
    }
  },
  "statistics_fit": {
    "amplitude_clean": {
      "rayleigh": 0.0,
      "laplace": 0.0,
      "gaussian": 0.0
    },
    "amplitude_noise": {
      "rayleigh": 0.0,
      "laplace": 0.0,
      "gaussian": 0.0
    },
    "power_clean": {
      "exponential": 0.0,
      "lognormal": 0.0
    },
    "power_noise": {
      "exponential": 0.0,
      "lognormal": 0.0
    }
  },
  "baseline_residual": {
    "rms": 0.00805219030223146,
    "kurtosis": 4.567413945123388,
    "flatness_mean": 0.1223578408812892
  },
  "noise_type": "近白噪声（宽带）"
}