{
  "basic": {
    "clean": {
      "mean": 0.002407837049871223,
      "var": 0.0012539656871735716,
      "peak": 0.326324462890625,
      "rms": 0.03549314535839708,
      "dynamic_range_db": 230.27299263730313
    },
    "noise": {
      "mean": -1.942404259413522e-06,
      "var": 0.0003164559331358891,
      "peak": 0.088958740234375,
      "rms": 0.017789208467743116,
      "dynamic_range_db": 38.16672115874646
    },
    "mix": {
      "mean": 0.0024058946456118092,
      "var": 0.0015663786209448134,
      "peak": 0.3607177734375,
      "rms": 0.03965056053816385,
      "dynamic_range_db": 47.648427924549985
    }
  },
  "short_time": {
    "clean_rms": {
      "mean": 0.024315975606441498,
      "std": 0.02585754171013832,
      "p10": 0.0,
      "p50": 0.015583301894366741,
      "p90": 0.06397496163845062
    },
    "noise_rms": {
      "mean": 0.01765218935906887,
      "std": 0.0020984874572604895,
      "p10": 0.01599828340113163,
      "p50": 0.017103834077715874,
      "p90": 0.020217321813106537
    },
    "mix_rms": {
      "mean": 0.03333568572998047,
      "std": 0.021464239805936813,
      "p10": 0.016863510012626648,
      "p50": 0.02397114224731922,
      "p90": 0.06678488850593567
    },
    "clean_zcr": {
      "mean": 0.19161921708185056,
      "std": 0.205994955594422,
      "p10": 0.0,
      "p50": 0.105,
      "p90": 0.5795000000000001
    },
    "noise_zcr": {
      "mean": 0.45533807829181494,
      "std": 0.03304324959258696,
      "p10": 0.4125,
      "p50": 0.4575,
      "p90": 0.4975
    },
    "mix_zcr": {
      "mean": 0.3533451957295373,
      "std": 0.12073773105834926,
      "p10": 0.18,
      "p50": 0.375,
      "p90": 0.4925
    },
    "separability": {
      "energy_cohen_d": 0.363264799118042,
      "zcr_cohen_d": 1.787651747758644,
      "flatness_cohen_d": 0.047334179917710675
    }
  },
  "autocorr": {
    "voiced": {
      "max_peak": 0.7332627634463265,
      "peak_lag": 96
    },
    "unvoiced": {
      "max_peak": 0.2028415997817305,
      "peak_lag": 36
    },
    "noise": {
      "max_peak": 0.10496230605625557,
      "peak_lag": 119
    }
  },
  "frequency": {
    "band_snr_db": {
      "low": 0.5072347150498318,
      "mid": 10.664047358216397,
      "high": -7.090113686123997
    },
    "flatness": {
      "clean": {
        "mean": 0.16223835839588244,
        "std": 0.3213863401524969,
        "p10": 0.000630371060294187,
        "p50": 0.006067138546868495,
        "p90": 0.9999999999999997
      },
      "noise": {
        "mean": 0.17302807797565156,
        "std": 0.02512308460577267,
        "p10": 0.14815114062405224,
        "p50": 0.1675020399577939,
        "p90": 0.21489349289724483
      },
      "mix": {
        "mean": 0.12811972758045342,
        "std": 0.07334312179509007,
        "p10": 0.02911977052535374,
        "p50": 0.14121385828407446,
        "p90": 0.2219965807678447
      }
    },
    "entropy": {
      "clean": {
        "mean": 0.5922255743410353,
        "std": 0.21941221550334053,
        "p10": 0.36994589846240705,
        "p50": 0.49748159511158063,
        "p90": 1.0
      },
      "noise": {
        "mean": 0.8737347755319064,
        "std": 0.019076760252833377,
        "p10": 0.8485528779402343,
        "p50": 0.8763723873335861,
        "p90": 0.8955638050055905
      },
      "mix": {
        "mean": 0.7298209404013729,
        "std": 0.15247697662828794,
        "p10": 0.5097648862226528,
        "p50": 0.7991364984409302,
        "p90": 0.8848562314675553
      }
    },
    "clean_psd_peak_freqs_hz": [
      203.125,
      375.0,
      671.875,
      890.625,
      1109.375,
      1328.125
    ]
  },
  "time_frequency": {
    "local_snr": {
      "mean": -17.789383246541032,
      "median": -19.36607674296397,
      "p10": -40.0,
      "p90": 6.875953973005811,
      "ratio_lt0": 0.8287424685451001,
      "ratio_lt_minus5": 0.7564737285132022,
      "ratio_gt10": 0.07762936381357434
    },
    "nonstationarity_index": 0.8081244297509679,
    "time_corr_decay_lag": 4,
    "freq_corr_decay_lag": 3,
    "spectral_flux": {
      "clean": {
        "mean": 3.771650205341382,
        "std": 3.6211114682559007,
        "p10": 0.0,
        "p50": 3.077653359204998,
        "p90": 9.415542421873536
      },
      "noise": {
        "mean": 2.829216665415953,
        "std": 0.3456847566727493,
        "p10": 2.549066251221499,
        "p50": 2.750975471749199,
        "p90": 3.254474634553888
      },
      "mix": {
        "mean": 5.135529577811532,
        "std": 2.9593686623464004,
        "p10": 2.741010617123842,
        "p50": 4.115468908368297,
        "p90": 9.87551526253024
      }
    }
  },
  "statistics_fit": {
    "amplitude_clean": {
      "rayleigh": 0.0,
      "laplace": 0.0,
      "gaussian": 0.0
    },
    "amplitude_noise": {
      "rayleigh": 0.0,
      "laplace": 0.0,
      "gaussian": 0.0
    },
    "power_clean": {
      "exponential": 0.0,
      "lognormal": 0.0
    },
    "power_noise": {
      "exponential": 0.0,
      "lognormal": 0.0
    }
  },
  "baseline_residual": {
    "rms": 0.0084610589459754,
    "kurtosis": 5.1010981503253054,
    "flatness_mean": 0.0658193769782632
  },
  "noise_type": "高频噪声主导（有色噪声）"
}