{
  "basic": {
    "clean": {
      "mean": 0.002407837049871223,
      "var": 0.0012539656871735716,
      "peak": 0.326324462890625,
      "rms": 0.03549314535839708,
      "dynamic_range_db": 230.27299263730313
    },
    "noise": {
      "mean": -1.942064737606248e-06,
      "var": 0.00012598386697739477,
      "peak": 0.047393798828125,
      "rms": 0.01122425372793266,
      "dynamic_range_db": 36.97497548537308
    },
    "mix": {
      "mean": 0.0024058949851336166,
      "var": 0.00137694431829922,
      "peak": 0.33416748046875,
      "rms": 0.0371851132844679,
      "dynamic_range_db": 49.662232360296905
    }
  },
  "short_time": {
    "clean_rms": {
      "mean": 0.024315975606441498,
      "std": 0.02585754171013832,
      "p10": 0.0,
      "p50": 0.015583301894366741,
      "p90": 0.06397496163845062
    },
    "noise_rms": {
      "mean": 0.01092494186013937,
      "std": 0.002452064072713256,
      "p10": 0.007932165637612343,
      "p50": 0.01061771810054779,
      "p90": 0.014217131771147251
    },
    "mix_rms": {
      "mean": 0.029081983491778374,
      "std": 0.02314872108399868,
      "p10": 0.009904795326292515,
      "p50": 0.019038664177060127,
      "p90": 0.06418798863887787
    },
    "clean_zcr": {
      "mean": 0.19161921708185056,
      "std": 0.205994955594422,
      "p10": 0.0,
      "p50": 0.105,
      "p90": 0.5795000000000001
    },
    "noise_zcr": {
      "mean": 0.014675266903914592,
      "std": 0.0040754639082627555,
      "p10": 0.01,
      "p50": 0.015,
      "p90": 0.02
    },
    "mix_zcr": {
      "mean": 0.11064946619217082,
      "std": 0.12656037089832448,
      "p10": 0.015,
      "p50": 0.0775,
      "p90": 0.28225000000000006
    },
    "separability": {
      "energy_cohen_d": 0.7291180491447449,
      "zcr_cohen_d": 1.2145325316747404,
      "flatness_cohen_d": 0.7138598766671841
    }
  },
  "autocorr": {
    "voiced": {
      "max_peak": 0.7332627634463265,
      "peak_lag": 96
    },
    "unvoiced": {
      "max_peak": 0.2028415997817305,
      "peak_lag": 36
    },
    "noise": {
      "max_peak": 0.5212913359822613,
      "peak_lag": 20
    }
  },
  "frequency": {
    "band_snr_db": {
      "low": -3.31758073330575,
      "mid": 35.29874238143033,
      "high": 55.7644754579413
    },
    "flatness": {
      "clean": {
        "mean": 0.16223835839588244,
        "std": 0.3213863401524969,
        "p10": 0.000630371060294187,
        "p50": 0.006067138546868495,
        "p90": 0.9999999999999997
      },
      "noise": {
        "mean": 1.0499457690352424e-05,
        "std": 0.0001505116541551329,
        "p10": 1.5911262055125007e-06,
        "p50": 2.8103222245767762e-06,
        "p90": 4.981577134400204e-06
      },
      "mix": {
        "mean": 0.012267168149557304,
        "std": 0.023979567877294595,
        "p10": 2.6048777243839743e-06,
        "p50": 0.0019221977268616477,
        "p90": 0.053968352479655396
      }
    },
    "entropy": {
      "clean": {
        "mean": 0.5922255743410353,
        "std": 0.21941221550334053,
        "p10": 0.36994589846240705,
        "p50": 0.49748159511158063,
        "p90": 1.0
      },
      "noise": {
        "mean": 0.3795062565477778,
        "std": 0.025937353081131924,
        "p10": 0.3452771820972259,
        "p50": 0.3826583423827835,
        "p90": 0.41039935132026006
      },
      "mix": {
        "mean": 0.47811690312730326,
        "std": 0.10559269114820674,
        "p10": 0.3668886624123141,
        "p50": 0.4620960672406548,
        "p90": 0.6280607151389951
      }
    },
    "clean_psd_peak_freqs_hz": [
      203.125,
      375.0,
      671.875,
      890.625,
      1109.375,
      1328.125
    ]
  },
  "time_frequency": {
    "local_snr": {
      "mean": 24.237442435471657,
      "median": 35.13002151948294,
      "p10": -40.0,
      "p90": 50.0,
      "ratio_lt0": 0.18649211412369307,
      "ratio_lt_minus5": 0.16821172248803828,
      "ratio_gt10": 0.7686237373737373
    },
    "nonstationarity_index": 0.7497977168795782,
    "time_corr_decay_lag": 4,
    "freq_corr_decay_lag": 3,
    "spectral_flux": {
      "clean": {
        "mean": 3.771650205341382,
        "std": 3.6211114682559007,
        "p10": 0.0,
        "p50": 3.077653359204998,
        "p90": 9.415542421873536
      },
      "noise": {
        "mean": 1.8124332662426994,
        "std": 0.44907483269595544,
        "p10": 1.2556156690364957,
        "p50": 1.7836272722012463,
        "p90": 2.389422506914361
      },
      "mix": {
        "mean": 4.55647624526444,
        "std": 3.2094946853014004,
        "p10": 1.75541264309547,
        "p50": 3.5976378522005916,
        "p90": 9.61440688730512
      }
    }
  },
  "statistics_fit": {
    "amplitude_clean": {
      "rayleigh": 0.0,
      "laplace": 0.0,
      "gaussian": 0.0
    },
    "amplitude_noise": {
      "rayleigh": 0.0,
      "laplace": 0.0,
      "gaussian": 0.0
    },
    "power_clean": {
      "exponential": 0.0,
      "lognormal": 0.0
    },
    "power_noise": {
      "exponential": 0.0,
      "lognormal": 0.0
    }
  },
  "baseline_residual": {
    "rms": 0.005043275816938701,
    "kurtosis": 4.346629452802217,
    "flatness_mean": 0.0003139403957577734
  },
  "noise_type": "低频噪声主导（有色噪声）"
}