{
  "sample_rate": 16000,
  "length_sec": 5.61775,
  "method": "auto",
  "route": [
    "base_omlsa_mcra"
  ],
  "reason": "default fallback",
  "rms": {
    "original": 0.04077950865030289,
    "denoised": 0.03116660751402378,
    "residual": 0.021620750427246094
  },
  "snr_db": {
    "input_est": 3.2466487884521484,
    "output_est": 6.216889381408691,
    "delta": 2.970240592956543
  },
  "residual_stats": {
    "kurtosis": 3.4078845977783203,
    "skewness": 0.08681775629520416
  }
}